Year,Normalised retractions
1990,0
1991,0
1992,0
1993,0.764525994
1994,0
1995,0
1996,0
1997,0.691419484
1998,0
1999,0
2000,0
2001,0
2002,0.701803635
2003,1.892744479
2004,1.818512457
2005,1.811156725
2006,4.937662017
2007,4.800192008
2008,3.055923398
2009,1.751109036
2010,1.087074682
2011,1.532019201
2012,0.942462655
2013,3.266448903
2014,1.527417138
2015,2.740351678
2016,5.352841467
2017,2.402017695
2018,5.818786367
2019,5.889281508
2020,8.610001378
